7/24/2022,,Sunday Morning Live Audio Broadcast 7/24/2022
7/31/2022,,Sunday Morning Live Audio Broadcast 7/31/2022
8/7/2022,,Sunday Morning Live Audio Broadcast 8/07/2022
8/14/2022,,Sunday Morning Live Audio Broadcast 8/14/2022
8/21/2022,,Sunday Morning Live Audio Broadcast 8/21/2022
8/28/2022,,Sunday Morning Live Audio Broadcast 8/28/2022
9/4/2022,,Sunday Morning Live Audio Broadcast 9/04/2022
9/11/2022,,Sunday Morning Live Audio Broadcast 9/11/2022
9/18/2022,,Sunday Morning Live Audio Broadcast 9/18/2022
9/25/2022,,Sunday Morning Live Audio Broadcast 9/25/2022
10/2/2022,,Sunday Morning Live Audio Broadcast 10/02/2022
10/9/2022,,Sunday Morning Live Audio Broadcast 10/09/2022
10/16/2022,,Sunday Morning Live Audio Broadcast 10/16/2022
10/23/2022,,Sunday Morning Live Audio Broadcast 10/23/2022
10/30/2022,,Sunday Morning Live Audio Broadcast 10/30/2022
11/6/2022,,Sunday Morning Live Audio Broadcast 11/06/2022
11/13/2022,,Sunday Morning Live Audio Broadcast 11/13/2022
11/20/2022,,Sunday Morning Live Audio Broadcast 11/20/2022
11/27/2022,,Sunday Morning Live Audio Broadcast 11/27/2022
12/4/2022,,Sunday Morning Live Audio Broadcast 12/04/2022
12/11/2022,,Sunday Morning Live Audio Broadcast 12/11/2022
12/18/2022,,Sunday Morning Live Audio Broadcast 12/18/2022
12/25/2022,,Sunday Morning Live Audio Broadcast 12/25/2022
1/1/2023,,Sunday Morning Live Audio Broadcast 1/01/2023
1/8/2023,,Sunday Morning Live Audio Broadcast 1/08/2023
1/15/2023,,Sunday Morning Live Audio Broadcast 1/15/2023
1/22/2023,,Sunday Morning Live Audio Broadcast 1/22/2023
1/29/2023,,Sunday Morning Live Audio Broadcast 1/29/2023
2/5/2023,,Sunday Morning Live Audio Broadcast 2/05/2023
2/12/2023,,Sunday Morning Live Audio Broadcast 2/12/2023
2/19/2023,,Sunday Morning Live Audio Broadcast 2/19/2023
2/26/2023,,Sunday Morning Live Audio Broadcast 2/26/2023
3/5/2023,,Sunday Morning Live Audio Broadcast 3/05/2023
3/12/2023,,Sunday Morning Live Audio Broadcast 3/12/2023
3/19/2023,,Sunday Morning Live Audio Broadcast 3/19/2023
3/26/2023,,Sunday Morning Live Audio Broadcast 3/26/2023
4/2/2023,,Sunday Morning Live Audio Broadcast 4/02/2023
4/9/2023,,Sunday Morning Live Audio Broadcast 4/09/2023
4/16/2023,,Sunday Morning Live Audio Broadcast 4/16/2023
4/23/2023,,Sunday Morning Live Audio Broadcast 4/23/2023
4/30/2023,,Sunday Morning Live Audio Broadcast 4/30/2023
5/7/2023,,Sunday Morning Live Audio Broadcast 5/07/2023
5/14/2023,,Sunday Morning Live Audio Broadcast 5/14/2023
5/21/2023,,Sunday Morning Live Audio Broadcast 5/21/2023
5/28/2023,,Sunday Morning Live Audio Broadcast 5/28/2023
6/4/2023,,Sunday Morning Live Audio Broadcast 6/04/2023
6/11/2023,,Sunday Morning Live Audio Broadcast 6/11/2023
6/18/2023,,Sunday Morning Live Audio Broadcast 6/18/2023
6/25/2023,,Sunday Morning Live Audio Broadcast 6/25/2023
7/2/2023,,Sunday Morning Live Audio Broadcast 7/02/2023
7/9/2023,,Sunday Morning Live Audio Broadcast 7/09/2023
7/16/2023,,Sunday Morning Live Audio Broadcast 7/16/2023
7/23/2023,,Sunday Morning Live Audio Broadcast 7/23/2023
7/30/2023,,Sunday Morning Live Audio Broadcast 7/30/2023
8/6/2023,,Sunday Morning Live Audio Broadcast 8/06/2023
8/13/2023,,Sunday Morning Live Audio Broadcast 8/13/2023
8/20/2023,,Sunday Morning Live Audio Broadcast 8/20/2023
8/27/2023,,Sunday Morning Live Audio Broadcast 8/27/2023
9/3/2023,,Sunday Morning Live Audio Broadcast 9/03/2023
9/10/2023,,Sunday Morning Live Audio Broadcast 9/10/2023
9/17/2023,,Sunday Morning Live Audio Broadcast 9/17/2023
9/24/2023,,Sunday Morning Live Audio Broadcast 9/24/2023
10/1/2023,,Sunday Morning Live Audio Broadcast 10/01/2023
10/8/2023,,Sunday Morning Live Audio Broadcast 10/08/2023
10/15/2023,,Sunday Morning Live Audio Broadcast 10/15/2023
10/22/2023,,Sunday Morning Live Audio Broadcast 10/22/2023
10/29/2023,,Sunday Morning Live Audio Broadcast 10/29/2023
11/5/2023,,Sunday Morning Live Audio Broadcast 11/05/2023
11/12/2023,,Sunday Morning Live Audio Broadcast 11/12/2023
11/19/2023,,Sunday Morning Live Audio Broadcast 11/19/2023
11/26/2023,,Sunday Morning Live Audio Broadcast 11/26/2023
12/3/2023,,Sunday Morning Live Audio Broadcast 12/03/2023
12/10/2023,,Sunday Morning Live Audio Broadcast 12/10/2023
12/17/2023,,Sunday Morning Live Audio Broadcast 12/17/2023
12/24/2023,,Sunday Morning Live Audio Broadcast 12/24/2023
12/31/2023,,Sunday Morning Live Audio Broadcast 12/31/2023
1/7/2024,,Sunday Morning Live Audio Broadcast 1/07/2024
1/14/2024,,Sunday Morning Live Audio Broadcast 1/14/2024
1/21/2024,,Sunday Morning Live Audio Broadcast 1/21/2024
1/28/2024,,Sunday Morning Live Audio Broadcast 1/28/2024
2/4/2024,,Sunday Morning Live Audio Broadcast 2/04/2024
2/11/2024,,Sunday Morning Live Audio Broadcast 2/11/2024
2/18/2024,,Sunday Morning Live Audio Broadcast 2/18/2024
2/25/2024,,Sunday Morning Live Audio Broadcast 2/25/2024
3/3/2024,,Sunday Morning Live Audio Broadcast 3/03/2024
3/10/2024,,Sunday Morning Live Audio Broadcast 3/10/2024
3/17/2024,,Sunday Morning Live Audio Broadcast 3/17/2024
3/24/2024,,Sunday Morning Live Audio Broadcast 3/24/2024
3/31/2024,,Sunday Morning Live Audio Broadcast 3/31/2024
4/7/2024,,Sunday Morning Live Audio Broadcast 4/07/2024
4/14/2024,,Sunday Morning Live Audio Broadcast 4/14/2024
4/21/2024,,Sunday Morning Live Audio Broadcast 4/21/2024
4/28/2024,,Sunday Morning Live Audio Broadcast 4/28/2024
5/5/2024,,Sunday Morning Live Audio Broadcast 5/05/2024
5/12/2024,,Sunday Morning Live Audio Broadcast 5/12/2024
5/19/2024,,Sunday Morning Live Audio Broadcast 5/19/2024
5/26/2024,,Sunday Morning Live Audio Broadcast 5/26/2024
6/2/2024,,Sunday Morning Live Audio Broadcast 6/02/2024
6/9/2024,,Sunday Morning Live Audio Broadcast 6/09/2024
6/16/2024,,Sunday Morning Live Audio Broadcast 6/16/2024
6/23/2024,,Sunday Morning Live Audio Broadcast 6/23/2024
6/30/2024,,Sunday Morning Live Audio Broadcast 6/30/2024
7/7/2024,,Sunday Morning Live Audio Broadcast 7/07/2024
7/14/2024,,Sunday Morning Live Audio Broadcast 7/14/2024
7/21/2024,,Sunday Morning Live Audio Broadcast 7/21/2024
7/28/2024,,Sunday Morning Live Audio Broadcast 7/28/2024
8/4/2024,,Sunday Morning Live Audio Broadcast 8/04/2024
8/11/2024,,Sunday Morning Live Audio Broadcast 8/11/2024
8/18/2024,,Sunday Morning Live Audio Broadcast 8/18/2024
8/25/2024,,Sunday Morning Live Audio Broadcast 8/25/2024
9/1/2024,,Sunday Morning Live Audio Broadcast 9/01/2024
9/8/2024,,Sunday Morning Live Audio Broadcast 9/08/2024
9/15/2024,,Sunday Morning Live Audio Broadcast 9/15/2024
9/22/2024,,Sunday Morning Live Audio Broadcast 9/22/2024
9/29/2024,,Sunday Morning Live Audio Broadcast 9/29/2024
10/6/2024,,Sunday Morning Live Audio Broadcast 10/06/2024
10/13/2024,,Sunday Morning Live Audio Broadcast 10/13/2024
10/20/2024,,Sunday Morning Live Audio Broadcast 10/20/2024
10/27/2024,,Sunday Morning Live Audio Broadcast 10/27/2024
11/3/2024,,Sunday Morning Live Audio Broadcast 11/03/2024
11/10/2024,,Sunday Morning Live Audio Broadcast 11/10/2024
11/17/2024,,Sunday Morning Live Audio Broadcast 11/17/2024
11/24/2024,,Sunday Morning Live Audio Broadcast 11/24/2024
12/1/2024,,Sunday Morning Live Audio Broadcast 12/01/2024
12/8/2024,,Sunday Morning Live Audio Broadcast 12/08/2024
12/15/2024,,Sunday Morning Live Audio Broadcast 12/15/2024
12/22/2024,,Sunday Morning Live Audio Broadcast 12/22/2024
12/29/2024,,Sunday Morning Live Audio Broadcast 12/29/2024
